Workbook

Sheet 說明
A1: 中信 VCF 9.1.1 Converge & Import — 每一步 Checklist
A2: 版本 v1｜2026-10-07｜Broadcom CXS｜對應簡報：CTBC_VCF911_Converge_Import_Plan.pptx
A4: 範圍 | B4: Management Cluster Converge → VCF 9.1.1 管理網域；vRA 8.18 → VCF Automation 9.1.1；整合雲 / 中信雲 Import 為 VI Workload Domain 並升級 9.1.1；SRM 重新註冊；vRO → 9.1.1。不含 NSX Edge cluster。
A5: 路徑假設 | B5: WLD 採方案 B：vCenter 先以 RDU 升 9.1.1 → SRM Reconfigure → Import（共用管理網域 NSX 9.1.1）→ ESXi 走 VCF LCM。若改方案 A，S07–S14 需改寫（見簡報 Decision 頁）。
A6: 已確認事項 | B6: 2026-10-07：三套 vCenter 皆無 Enhanced Linked Mode（客戶確認）。
A7: 怎麼填 | B7: 只需填黃底欄位：『Checklist』頁的 狀態 / 執行人 / 完成時間 / 證據 / 備註；『Gate 簽核』、『IP & DNS 規劃』、『待確認事項』的黃底欄。其餘為計畫內容，請勿改動。
A8: 填寫範例 | B8: 狀態＝完成｜執行人＝王小明（中信 系統）｜完成時間＝2026-10-19 14:30｜證據＝S04-12_converge-success.png｜備註＝Validation 2 個 Warning 已確認
A9: 狀態選項 | B9: 未開始 / 進行中 / 完成 / 失敗 / N/A（下拉選單；『進度總覽』頁自動統計）
A10: 類別 | B10: 前置檢查 → 執行 → 完成驗證 → 退版 / 截止點。每一步的『退版』列須在 Lab 演練過才可進正式環境。
A11: 依據欄 | B11: TechDocs / KB = Broadcom 官方文件；CXS Lab 實測 = Broadcom CXS 內部 lab 實測結果（非官方文件）；推定 = 目前無官方文件直接說明，需 Lab 驗證或開 SR 確認。
A12: 帳密原則 | B12: 本表不記錄任何帳號密碼；需要密碼的步驟一律由客戶密碼保管工具提供。
A13: 負責代號 | B13: PM 專案經理、ARC 架構師、ENG 升級工程師、SYS 系統、HW 硬體、NET 網路、SEC 資安、DR DR 負責人、AUTO 自動化平台、APP 應用驗證、CHG 變更管理、GSS 原廠支援（同人員表）
A15: Gate 與 PONR
A16: Gate | B16: 時點 / 說明
A17: G0 | B17: S00 後｜盤點與備份｜放行條件：阻礙項清零、三套 vCenter 備份可還原、IP/DNS 驗證完成｜簽核：PM、ARC
A18: G1 ⚠ PONR | B18: S04 後｜Converge 完成｜放行條件：管理網域 ACTIVE、NSX / VCF Ops 正常、第一次 SFTP 備份成功｜簽核：PM、ARC
A19: G2 | B19: S06 後｜VCFA 9.1.1 cutover｜放行條件：Tenant / Provider 登入、資料完整、Day-2 成功；8.18 來源保留至觀察期後｜簽核：PM、AUTO
A20: G3 ⚠ PONR | B20: S09｜整合雲 import｜放行條件：vCenter 9.1.1 正常、SRM Test Recovery 成功、Compute Manager 已註冊｜簽核：PM、ARC、DR
A21: G4 ⚠ PONR | B21: S13｜中信雲 import｜放行條件：同 G3｜簽核：PM、ARC、DR
A22: G5 ⚠ PONR | B22: S16｜vSAN on-disk format｜放行條件：觀察期無重大事件、客戶簽核｜簽核：PM

Sheet 進度總覽
A1: 進度總覽（自動統計自『Checklist』頁，請勿手改）
A3: Step | B3: 步驟 | C3: 階段 | D3: Gate | E3: 項目數 | F3: 完成 | G3: N/A | H3: 失敗 | I3: 進行中 | J3: 完成率
A4: S00 | B4: 盤點、阻礙項排除與備份（新增） | C4: 準備 | D4: G0 | E4: =COUNTIFS(Checklist!$A$4:$A$201,$A4,Checklist!$D$4:$D$201,"<>步驟") -> 15 | F4: =COUNTIFS(Checklist!$A$4:$A$201,$A4,Checklist!$K$4:$K$201,"完成") -> 0 | G4: =COUNTIFS(Checklist!$A$4:$A$201,$A4,Checklist!$K$4:$K$201,"N/A") -> 0 | H4: =COUNTIFS(Checklist!$A$4:$A$201,$A4,Checklist!$K$4:$K$201,"失敗") -> 0 | I4: =COUNTIFS(Checklist!$A$4:$A$201,$A4,Checklist!$K$4:$K$201,"進行中") -> 0 | J4: =IF(E4=0,0,(F4+G4)/E4) -> 0
A5: S01 | B5: vRA / vRO 冷遷移至 Management Cluster（#1） | C5: 管理網域 | E5: =COUNTIFS(Checklist!$A$4:$A$201,$A5,Checklist!$D$4:$D$201,"<>步驟") -> 15 | F5: =COUNTIFS(Checklist!$A$4:$A$201,$A5,Checklist!$K$4:$K$201,"完成") -> 0 | G5: =COUNTIFS(Checklist!$A$4:$A$201,$A5,Checklist!$K$4:$K$201,"N/A") -> 0 | H5: =COUNTIFS(Checklist!$A$4:$A$201,$A5,Checklist!$K$4:$K$201,"失敗") -> 0 | I5: =COUNTIFS(Checklist!$A$4:$A$201,$A5,Checklist!$K$4:$K$201,"進行中") -> 0 | J5: =IF(E5=0,0,(F5+G5)/E5) -> 0
A6: S02 | B6: 部署 VCF Installer 9.1.1（#3） | C6: 管理網域 | E6: =COUNTIFS(Checklist!$A$4:$A$201,$A6,Checklist!$D$4:$D$201,"<>步驟") -> 6 | F6: =COUNTIFS(Checklist!$A$4:$A$201,$A6,Checklist!$K$4:$K$201,"完成") -> 0 | G6: =COUNTIFS(Checklist!$A$4:$A$201,$A6,Checklist!$K$4:$K$201,"N/A") -> 0 | H6: =COUNTIFS(Checklist!$A$4:$A$201,$A6,Checklist!$K$4:$K$201,"失敗") -> 0 | I6: =COUNTIFS(Checklist!$A$4:$A$201,$A6,Checklist!$K$4:$K$201,"進行中") -> 0 | J6: =IF(E6=0,0,(F6+G6)/E6) -> 0
A7: S03 | B7: Depot 與 Binaries（回答「Offline Depot???」）（#4） | C7: 管理網域 | E7: =COUNTIFS(Checklist!$A$4:$A$201,$A7,Checklist!$D$4:$D$201,"<>步驟") -> 12 | F7: =COUNTIFS(Checklist!$A$4:$A$201,$A7,Checklist!$K$4:$K$201,"完成") -> 0 | G7: =COUNTIFS(Checklist!$A$4:$A$201,$A7,Checklist!$K$4:$K$201,"N/A") -> 0 | H7: =COUNTIFS(Checklist!$A$4:$A$201,$A7,Checklist!$K$4:$K$201,"失敗") -> 0 | I7: =COUNTIFS(Checklist!$A$4:$A$201,$A7,Checklist!$K$4:$K$201,"進行中") -> 0 | J7: =IF(E7=0,0,(F7+G7)/E7) -> 0
A8: S04 | B8: Management Cluster Converge 成 VCF 9.1.1 管理網域（#5） | C8: 管理網域 | D8: G1 ⚠ PONR | E8: =COUNTIFS(Checklist!$A$4:$A$201,$A8,Checklist!$D$4:$D$201,"<>步驟") -> 16 | F8: =COUNTIFS(Checklist!$A$4:$A$201,$A8,Checklist!$K$4:$K$201,"完成") -> 0 | G8: =COUNTIFS(Checklist!$A$4:$A$201,$A8,Checklist!$K$4:$K$201,"N/A") -> 0 | H8: =COUNTIFS(Checklist!$A$4:$A$201,$A8,Checklist!$K$4:$K$201,"失敗") -> 0 | I8: =COUNTIFS(Checklist!$A$4:$A$201,$A8,Checklist!$K$4:$K$201,"進行中") -> 0 | J8: =IF(E8=0,0,(F8+G8)/E8) -> 0
A9: S05 | B9: vRA 匯入 VCF Operations（Fleet Lifecycle）（#6） | C9: 管理網域 | E9: =COUNTIFS(Checklist!$A$4:$A$201,$A9,Checklist!$D$4:$D$201,"<>步驟") -> 8 | F9: =COUNTIFS(Checklist!$A$4:$A$201,$A9,Checklist!$K$4:$K$201,"完成") -> 0 | G9: =COUNTIFS(Checklist!$A$4:$A$201,$A9,Checklist!$K$4:$K$201,"N/A") -> 0 | H9: =COUNTIFS(Checklist!$A$4:$A$201,$A9,Checklist!$K$4:$K$201,"失敗") -> 0 | I9: =COUNTIFS(Checklist!$A$4:$A$201,$A9,Checklist!$K$4:$K$201,"進行中") -> 0 | J9: =IF(E9=0,0,(F9+G9)/E9) -> 0
A10: S06 | B10: vRA 8.18 → VCF Automation 9.1.1（藍綠升級）（#7） | C10: 管理網域 | D10: G2 | E10: =COUNTIFS(Checklist!$A$4:$A$201,$A10,Checklist!$D$4:$D$201,"<>步驟") -> 19 | F10: =COUNTIFS(Checklist!$A$4:$A$201,$A10,Checklist!$K$4:$K$201,"完成") -> 0 | G10: =COUNTIFS(Checklist!$A$4:$A$201,$A10,Checklist!$K$4:$K$201,"N/A") -> 0 | H10: =COUNTIFS(Checklist!$A$4:$A$201,$A10,Checklist!$K$4:$K$201,"失敗") -> 0 | I10: =COUNTIFS(Checklist!$A$4:$A$201,$A10,Checklist!$K$4:$K$201,"進行中") -> 0 | J10: =IF(E10=0,0,(F10+G10)/E10) -> 0
A11: S07 | B11: 整合雲 vCenter 8.0.3 → 9.1.1（RDU，import 前）（#10（vCenter）） | C11: 整合雲 | E11: =COUNTIFS(Checklist!$A$4:$A$201,$A11,Checklist!$D$4:$D$201,"<>步驟") -> 12 | F11: =COUNTIFS(Checklist!$A$4:$A$201,$A11,Checklist!$K$4:$K$201,"完成") -> 0 | G11: =COUNTIFS(Checklist!$A$4:$A$201,$A11,Checklist!$K$4:$K$201,"N/A") -> 0 | H11: =COUNTIFS(Checklist!$A$4:$A$201,$A11,Checklist!$K$4:$K$201,"失敗") -> 0 | I11: =COUNTIFS(Checklist!$A$4:$A$201,$A11,Checklist!$K$4:$K$201,"進行中") -> 0 | J11: =IF(E11=0,0,(F11+G11)/E11) -> 0
A12: S08 | B12: 整合雲 vCenter 升級後 SRM 重新註冊（#11） | C12: 整合雲 | E12: =COUNTIFS(Checklist!$A$4:$A$201,$A12,Checklist!$D$4:$D$201,"<>步驟") -> 8 | F12: =COUNTIFS(Checklist!$A$4:$A$201,$A12,Checklist!$K$4:$K$201,"完成") -> 0 | G12: =COUNTIFS(Checklist!$A$4:$A$201,$A12,Checklist!$K$4:$K$201,"N/A") -> 0 | H12: =COUNTIFS(Checklist!$A$4:$A$201,$A12,Checklist!$K$4:$K$201,"失敗") -> 0 | I12: =COUNTIFS(Checklist!$A$4:$A$201,$A12,Checklist!$K$4:$K$201,"進行中") -> 0 | J12: =IF(E12=0,0,(F12+G12)/E12) -> 0
A13: S09 | B13: 整合雲 匯入為 VI Workload Domain（共用管理網域 NSX 9.1.1）（#8） | C13: 整合雲 | D13: G3 ⚠ PONR | E13: =COUNTIFS(Checklist!$A$4:$A$201,$A13,Checklist!$D$4:$D$201,"<>步驟") -> 9 | F13: =COUNTIFS(Checklist!$A$4:$A$201,$A13,Checklist!$K$4:$K$201,"完成") -> 0 | G13: =COUNTIFS(Checklist!$A$4:$A$201,$A13,Checklist!$K$4:$K$201,"N/A") -> 0 | H13: =COUNTIFS(Checklist!$A$4:$A$201,$A13,Checklist!$K$4:$K$201,"失敗") -> 0 | I13: =COUNTIFS(Checklist!$A$4:$A$201,$A13,Checklist!$K$4:$K$201,"進行中") -> 0 | J13: =IF(E13=0,0,(F13+G13)/E13) -> 0
A14: S10 | B14: 整合雲 ESXi 8.0.3 → 9.1.1（VCF LCM / vLCM image）（#10（ESXi）） | C14: 整合雲 | E14: =COUNTIFS(Checklist!$A$4:$A$201,$A14,Checklist!$D$4:$D$201,"<>步驟") -> 7 | F14: =COUNTIFS(Checklist!$A$4:$A$201,$A14,Checklist!$K$4:$K$201,"完成") -> 0 | G14: =COUNTIFS(Checklist!$A$4:$A$201,$A14,Checklist!$K$4:$K$201,"N/A") -> 0 | H14: =COUNTIFS(Checklist!$A$4:$A$201,$A14,Checklist!$K$4:$K$201,"失敗") -> 0 | I14: =COUNTIFS(Checklist!$A$4:$A$201,$A14,Checklist!$K$4:$K$201,"進行中") -> 0 | J14: =IF(E14=0,0,(F14+G14)/E14) -> 0
A15: S11 | B15: 中信雲 vCenter 8.0.3 → 9.1.1（RDU，import 前）（#12（vCenter）） | C15: 中信雲 | E15: =COUNTIFS(Checklist!$A$4:$A$201,$A15,Checklist!$D$4:$D$201,"<>步驟") -> 14 | F15: =COUNTIFS(Checklist!$A$4:$A$201,$A15,Checklist!$K$4:$K$201,"完成") -> 0 | G15: =COUNTIFS(Checklist!$A$4:$A$201,$A15,Checklist!$K$4:$K$201,"N/A") -> 0 | H15: =COUNTIFS(Checklist!$A$4:$A$201,$A15,Checklist!$K$4:$K$201,"失敗") -> 0 | I15: =COUNTIFS(Checklist!$A$4:$A$201,$A15,Checklist!$K$4:$K$201,"進行中") -> 0 | J15: =IF(E15=0,0,(F15+G15)/E15) -> 0
A16: S12 | B16: 中信雲 vCenter 升級後 SRM 重新註冊（#13） | C16: 中信雲 | E16: =COUNTIFS(Checklist!$A$4:$A$201,$A16,Checklist!$D$4:$D$201,"<>步驟") -> 9 | F16: =COUNTIFS(Checklist!$A$4:$A$201,$A16,Checklist!$K$4:$K$201,"完成") -> 0 | G16: =COUNTIFS(Checklist!$A$4:$A$201,$A16,Checklist!$K$4:$K$201,"N/A") -> 0 | H16: =COUNTIFS(Checklist!$A$4:$A$201,$A16,Checklist!$K$4:$K$201,"失敗") -> 0 | I16: =COUNTIFS(Checklist!$A$4:$A$201,$A16,Checklist!$K$4:$K$201,"進行中") -> 0 | J16: =IF(E16=0,0,(F16+G16)/E16) -> 0
A17: S13 | B17: 中信雲 匯入為 VI Workload Domain（共用管理網域 NSX 9.1.1）（#9） | C17: 中信雲 | D17: G4 ⚠ PONR | E17: =COUNTIFS(Checklist!$A$4:$A$201,$A17,Checklist!$D$4:$D$201,"<>步驟") -> 9 | F17: =COUNTIFS(Checklist!$A$4:$A$201,$A17,Checklist!$K$4:$K$201,"完成") -> 0 | G17: =COUNTIFS(Checklist!$A$4:$A$201,$A17,Checklist!$K$4:$K$201,"N/A") -> 0 | H17: =COUNTIFS(Checklist!$A$4:$A$201,$A17,Checklist!$K$4:$K$201,"失敗") -> 0 | I17: =COUNTIFS(Checklist!$A$4:$A$201,$A17,Checklist!$K$4:$K$201,"進行中") -> 0 | J17: =IF(E17=0,0,(F17+G17)/E17) -> 0
A18: S14 | B18: 中信雲 ESXi 8.0.3 → 9.1.1（VCF LCM / vLCM image）（#12（ESXi）） | C18: 中信雲 | E18: =COUNTIFS(Checklist!$A$4:$A$201,$A18,Checklist!$D$4:$D$201,"<>步驟") -> 7 | F18: =COUNTIFS(Checklist!$A$4:$A$201,$A18,Checklist!$K$4:$K$201,"完成") -> 0 | G18: =COUNTIFS(Checklist!$A$4:$A$201,$A18,Checklist!$K$4:$K$201,"N/A") -> 0 | H18: =COUNTIFS(Checklist!$A$4:$A$201,$A18,Checklist!$K$4:$K$201,"失敗") -> 0 | I18: =COUNTIFS(Checklist!$A$4:$A$201,$A18,Checklist!$K$4:$K$201,"進行中") -> 0 | J18: =IF(E18=0,0,(F18+G18)/E18) -> 0
A19: S15 | B19: vRO → VCF Operations orchestrator 9.1.1（VCFA 之後）（#2（移到最後）） | C19: 收尾 | E19: =COUNTIFS(Checklist!$A$4:$A$201,$A19,Checklist!$D$4:$D$201,"<>步驟") -> 9 | F19: =COUNTIFS(Checklist!$A$4:$A$201,$A19,Checklist!$K$4:$K$201,"完成") -> 0 | G19: =COUNTIFS(Checklist!$A$4:$A$201,$A19,Checklist!$K$4:$K$201,"N/A") -> 0 | H19: =COUNTIFS(Checklist!$A$4:$A$201,$A19,Checklist!$K$4:$K$201,"失敗") -> 0 | I19: =COUNTIFS(Checklist!$A$4:$A$201,$A19,Checklist!$K$4:$K$201,"進行中") -> 0 | J19: =IF(E19=0,0,(F19+G19)/E19) -> 0
A20: S16 | B20: 觀察期、vSAN on-disk format 與收尾（新增） | C20: 收尾 | D20: G5 ⚠ PONR | E20: =COUNTIFS(Checklist!$A$4:$A$201,$A20,Checklist!$D$4:$D$201,"<>步驟") -> 6 | F20: =COUNTIFS(Checklist!$A$4:$A$201,$A20,Checklist!$K$4:$K$201,"完成") -> 0 | G20: =COUNTIFS(Checklist!$A$4:$A$201,$A20,Checklist!$K$4:$K$201,"N/A") -> 0 | H20: =COUNTIFS(Checklist!$A$4:$A$201,$A20,Checklist!$K$4:$K$201,"失敗") -> 0 | I20: =COUNTIFS(Checklist!$A$4:$A$201,$A20,Checklist!$K$4:$K$201,"進行中") -> 0 | J20: =IF(E20=0,0,(F20+G20)/E20) -> 0
A21: 合計 | E21: =SUM(E4:E20) -> 181 | F21: =SUM(F4:F20) -> 0 | G21: =SUM(G4:G20) -> 0 | H21: =SUM(H4:H20) -> 0 | I21: =SUM(I4:I20) -> 0 | J21: =IF(E21=0,0,(F21+G21)/E21) -> 0
A23: 完成率 =（完成 + N/A）÷ 項目數；『失敗』不算完成，須依該步『退版』列處理後重做。

Sheet Checklist
A1: 每一步 Checklist（方案 B）
A2: 黃底欄位由執行人填寫；狀態請用下拉選單
A3: Step | B3: 原計畫 | C3: 階段 | D3: 類別 | E3: # | F3: 檢查項目 | G3: 指令 / UI 路徑 | H3: 預期結果 | I3: 依據 | J3: 負責 | K3: 狀態 | L3: 執行人 | M3: 完成時間 | N3: 證據 / 截圖 | O3: 備註
A4: S00 | B4: 新增 | C4: 準備 | D4: 步驟 | F4: S00｜Inventory, Blockers & Backups｜盤點、阻礙項排除與備份｜G0 Gate｜負責：ARC、ENG、SYS、NET、DR、AUTO
A5: S00 | B5: 新增 | C5: 準備 | D5: 前置檢查 | E5: S00-01 | F5: vRA 確切版本 ≥ 8.18.1（converge 情境頁要求 8.18.1 Patch 3，建議以 P3 為基準） | G5: vRA 主節點：vracli version | H5: ≥ 8.18.1 P3 | I5: TechDocs: Import an Existing VMware Aria Automation Instance；Converge … Aria Automation 情境頁 | J5: AUTO | K5: 未開始
A6: S00 | B6: 新增 | C6: 準備 | D6: 前置檢查 | E6: S00-02 | F6: vRO 實際版本（「8.18.7」在 Broadcom 查無此 Orchestrator 版號，需現場確認）且 ≥ 8.18.1 | G6: vRO：vracli version | H6: ≥ 8.18.1 | I6: TechDocs: Upgrade to VCF Operations Orchestrator 9.1 | J6: AUTO | K6: 未開始
A7: S00 | B7: 新增 | C7: 準備 | D7: 前置檢查 | E7: S00-03 | F7: vIDM / Aria Suite Lifecycle 的版本與所在叢集（vIDM 升級後仍是 VCFA 9.1 驗證來源，不可刪） | G7: vSphere Client inventory | H7: 已記錄 | I7: TechDocs: Upgrading to VCF Automation 9.1 | J7: AUTO | K7: 未開始
A8: S00 | B8: 新增 | C8: 準備 | D8: 前置檢查 | E8: S00-04 | F8: 整合雲 / 中信雲 vCenter、ESXi 8.0.3 確切 build：8.0U3j 不可升 9.1.0、可升 9.1.1；8.0U3k 須另查 Interop Matrix（back-in-time） | G8: VAMI Summary；esxcli system version get | H8: 目標 9.1.1 可行 | I8: KB 450972；TechDocs: Upgrading to VCF 9.1.x | J8: SYS | K8: 未開始
A9: S00 | B9: 新增 | C9: 準備 | D9: 前置檢查 | E9: S00-05 | F9: 三套 vCenter 皆無 Enhanced Linked Mode（客戶 2026-10-07 已確認）；另確認無 vCenter HA（converge 與 import 都不支援） | G9: vSphere Client > vCenter > Configure > vCenter HA | H9: 無 ELM ✔、無 VCHA | I9: TechDocs: Supported and Not Supported Configurations；Import an Existing vCenter | J9: SYS | K9: 未開始
A10: S00 | B10: 新增 | C10: 準備 | D10: 前置檢查 | E10: S00-06 | F10: 叢集條件：vLCM image-based、DRS Fully Automated、VDS ≥ 8.0、vmk 靜態 IP、單一 vMotion vmk、ESXi 以 FQDN 加入 inventory | G10: Cluster > Updates / DRS；Host > VMkernel adapters | H10: 全部符合 | I10: TechDocs: Supported and Not Supported Configurations；KB 425102 | J10: SYS | K10: 未開始
A11: S00 | B11: 新增 | C11: 準備 | D11: 前置檢查 | E11: S00-07 | F11: DNS 正反解（A/PTR）一致、所有 FQDN 全小寫（大寫 FQDN 會讓 converge 憑證鏈失敗） | G11: nslookup <fqdn> / nslookup <ip> | H11: 正反解一致、小寫 | I11: KB 453612 | J11: NET | K11: 未開始
A12: S00 | B12: 新增 | C12: 準備 | D12: 前置檢查 | E12: S00-08 | F12: IP / DNS 規劃完成（見『IP & DNS 規劃』頁）：VCF Mgmt Services IP pool ≥ 12（198.18.0.0/15 不可與內網重疊）、License Server A+PTR、VCFA 5 IP + runtime FQDN、RDU 暫時 IP ×2 | H12: 規劃表簽核 | I12: KB 440630；TechDocs: Upgrading to VCF Automation 9.1 | J12: NET | K12: 未開始
A13: S00 | B13: 新增 | C13: 準備 | D13: 前置檢查 | E13: S00-09 | F13: 管理叢集容量：單台主機邏輯 CPU ≥ 最大 VM vCPU（Installer 只驗叢集總量）；VCFA 藍綠升級期間資源約平時 2 倍 | H13: 容量足夠 | I13: CXS Lab 實測 | J13: ARC | K13: 未開始
A14: S00 | B14: 新增 | C14: 準備 | D14: 前置檢查 | E14: S00-10 | F14: SRM 拓樸：兩朵雲是否互為配對、各 Protection Group 方向（protected / recovery）、replication 方式；solution account 密碼不過期設定 | G14: SRM UI > Site Pair；Protection Groups | H14: 已記錄 | I14: TechDocs: Order of Upgrading vSphere and Protection and Recovery Components；KB 367383 | J14: DR | K14: 未開始
A15: S00 | B15: 新增 | C15: 準備 | D15: 前置檢查 | E15: S00-11 | F15: Interop Matrix：VCFA 9.1.1 ↔ vCenter 8.0.3（過渡期）、SRM 9.1.1 ↔ vCenter 8.0.3 / 9.1.1、備份軟體與第三方 plugin ↔ vSphere 9.1.1 | G15: interopmatrix.broadcom.com | H15: 全部 Compatible 或已有對策 | I15: Broadcom Interop Matrix | J15: ARC | K15: 未開始
A16: S00 | B16: 新增 | C16: 準備 | D16: 前置檢查 | E16: S00-12 | F16: 備份：三套 vCenter file-based backup 並抽測還原；SRM 設定匯出；SFTP 備份伺服器就緒 | G16: VAMI > Backup | H16: 備份成功、還原驗證通過 | I16: TechDocs: VCF 9.1 Backup and Restore | J16: SYS | K16: 未開始
A17: S00 | B17: 新增 | C17: 準備 | D17: 執行 | E17: S00-13 | F17: 填寫 Planning & Preparation Workbook；開立變更單（每一步的窗口、退版時間、負責人） | H17: 變更單核准 | J17: PM、CHG | K17: 未開始
A18: S00 | B18: 新增 | C18: 準備 | D18: 完成驗證 | E18: S00-14 | F18: G0 簽核：阻礙項清零、備份可還原、IP/DNS 驗證完成 | H18: G0 Go | J18: PM | K18: 未開始
A19: S00 | B19: 新增 | C19: 準備 | D19: 退版 / 截止點 | E19: S00-15 | F19: 無變更（只做盤點與準備） | K19: 未開始
A20: S01 | B20: #1 | C20: 管理網域 | D20: 步驟 | F20: S01｜Cold-migrate vRA / vRO into the Management Cluster｜vRA / vRO 冷遷移至 Management Cluster｜Lab：165 GB 冷遷移約 97 分 / VM（nested）｜負責：ENG、SYS、AUTO、NET
A21: S01 | B21: #1 | C21: 管理網域 | D21: 前置檢查 | E21: S01-01 | F21: Management Cluster 提供與 vRA / vRO 現行『同一 L2 網段』的 port group（IP / FQDN 不變；VCFA 9.1 新節點也必須部署在同網段） | G21: VDS > Port groups | H21: VLAN / subnet 相同 | I21: TechDocs: Upgrading to VCF Automation 9.1（same network）；Import an Existing VMware Aria Automation Instance | J21: NET | K21: 未開始
A22: S01 | B22: #1 | C22: 管理網域 | D22: 前置檢查 | E22: S01-02 | F22: 順序：CXS Lab 驗證的是管理網域建好後再搬（Converge → 搬 vRA → Import）；先搬再 Converge 亦可，但未經 Lab 驗證 | H22: 已決定 | I22: CXS Lab 實測 | J22: ARC | K22: 未開始
A23: S01 | B23: #1 | C23: 管理網域 | D23: 前置檢查 | E23: S01-03 | F23: 熱 vMotion 不採用：vDS 8.0.3 ↔ 9.1 不同版本間 vMotion 不支援；CXS Lab 熱遷移亦因 CPU feature 失敗 → 排停機窗口冷遷移 | H23: 已排窗口 | I23: KB 318582；CXS Lab 實測 | J23: ARC | K23: 未開始
A24: S01 | B24: #1 | C24: 管理網域 | D24: 前置檢查 | E24: S01-04 | F24: 兩端 vCenter 443、ESXi 902（NFC）互通；目的 datastore 容量足夠 | G24: Test-NetConnection / nc -zv | H24: 可連通 | I24: TechDocs: Import or Clone a VM with Advanced Cross vCenter vMotion | J24: NET | K24: 未開始
A25: S01 | B25: #1 | C25: 管理網域 | D25: 前置檢查 | E25: S01-05 | F25: 記錄各節點 vApp properties / OVF 環境（vApp options 遺失會讓 vRA 服務起不來） | G25: VM > Configure > vApp Options（匯出截圖 / OVF） | H25: 已備份 | I25: KB 447218 | J25: ENG | K25: 未開始
A26: S01 | B26: #1 | C26: 管理網域 | D26: 前置檢查 | E26: S01-06 | F26: 健康基準：vracli status、pods 全 Running；凍結 vRA 請求與 vRO 排程工作流程 | G26: kubectl get pods -n prelude | H26: 全 Running | I26: CXS Lab 實測 | J26: AUTO | K26: 未開始
A27: S01 | B27: #1 | C27: 管理網域 | D27: 執行 | E27: S01-07 | F27: vRA 正常停止服務後關機 | G27: 主節點：/opt/scripts/deploy.sh --shutdown → Guest shutdown 各節點 | H27: 所有節點 Powered off | I27: TechDocs: Aria Automation 8.18 Start / Shut down | J27: ENG | K27: 未開始
A28: S01 | B28: #1 | C28: 管理網域 | D28: 執行 | E28: S01-08 | F28: vRO 正常關機；確認各 VM CD/DVD 未掛 datastore ISO | G28: Guest shutdown；Edit Settings > CD/DVD | H28: Powered off、未掛 ISO | I28: CXS Lab 實測 | J28: ENG | K28: 未開始
A29: S01 | B29: #1 | C29: 管理網域 | D29: 執行 | E29: S01-09 | F29: Advanced Cross vCenter vMotion（關機狀態）：選 mgmt cluster / datastore / 同網段 port group；可選 Clone 方式保留來源（來源保持關機）作為退版點 | G29: vSphere Client（目的 vCenter）> Import VMs；或 PowerCLI Move-VM | H29: 遷移成功 | I29: TechDocs: Import or Clone a VM with Advanced Cross vCenter vMotion | J29: ENG | K29: 未開始
A30: S01 | B30: #1 | C30: 管理網域 | D30: 執行 | E30: S01-10 | F30: 依相依性開機（vRO → vRA 全部節點），vRA 主節點啟動服務 | G30: /opt/scripts/deploy.sh | H30: 服務啟動 | I30: TechDocs: Aria Automation 8.18 Start / Shut down | J30: ENG | K30: 未開始
A31: S01 | B31: #1 | C31: 管理網域 | D31: 完成驗證 | E31: S01-11 | F31: IP / FQDN / vApp properties 不變（ovfEnv 存在） | G31: cat /opt/vmware/etc/vami/ovfEnv.xml | H31: 與遷移前一致 | I31: KB 447218 | J31: ENG | K31: 未開始
A32: S01 | B32: #1 | C32: 管理網域 | D32: 完成驗證 | E32: S01-12 | F32: 服務就緒：healthstatus 回 200、pods 全 Running（約 10–20 分） | G32: curl -k https://<vra-fqdn>/vco/api/healthstatus | H32: HTTP 200 | I32: CXS Lab 實測 | J32: ENG | K32: 未開始
A33: S01 | B33: #1 | C33: 管理網域 | D33: 完成驗證 | E33: S01-13 | F33: vIDM 登入、cloud account data collection、既有部署 Day-2（Power off/on）、新 catalog 請求、vRO workflow 測試 | G33: Cloud Assembly / Service Broker / vRO Client | H33: 全部成功 | I33: CXS Lab 實測 | J33: AUTO | K33: 未開始
A34: S01 | B34: #1 | C34: 管理網域 | D34: 退版 / 截止點 | E34: S01-14 | F34: 反向冷遷移回中信雲；或刪除新 VM、開回 Clone 保留的來源 | H34: 回到遷移前狀態 | J34: ENG | K34: 未開始
A35: S01 | B35: #1 | C35: 管理網域 | D35: 退版 / 截止點 | E35: S01-15 | F35: 截止點：S05 Import 之前 | K35: 未開始
A36: S02 | B36: #3 | C36: 管理網域 | D36: 步驟 | F36: S02｜Deploy VCF Installer 9.1.1｜部署 VCF Installer 9.1.1｜負責：ENG
A37: S02 | B37: #3 | C37: 管理網域 | D37: 前置檢查 | E37: S02-01 | F37: Installer 版本 ≥ 9.1.1（converge 文件要求），與 vCenter / ESXi 同為 9.1.1 BOM（Installer build 25713928） | H37: 版本正確 | I37: TechDocs: Deploy Components by Using VCF Installer…；VCF 9.1.1 BOM | J37: ENG | K37: 未開始
A38: S02 | B38: #3 | C38: 管理網域 | D38: 前置檢查 | E38: S02-02 | F38: Installer IP / FQDN（A/PTR）、NTP、DNS 就緒 | G38: nslookup | H38: 正反解正確 | J38: NET | K38: 未開始
A39: S02 | B39: #3 | C39: 管理網域 | D39: 前置檢查 | E39: S02-03 | F39: 使用全新 Installer（做過 bring-up / converge 的 Installer 會記得舊 domain） | G39: GET https://<installer>/v1/sddcs | H39: 回 [] | I39: CXS Lab 實測 | J39: ENG | K39: 未開始
A40: S02 | B40: #3 | C40: 管理網域 | D40: 執行 | E40: S02-04 | F40: 部署 OVA（可放在 Management Cluster）；admin@local 密碼由密碼保管工具管理，不寫入文件 | G40: vSphere Client > Deploy OVF Template | H40: Powered on | J40: ENG | K40: 未開始
A41: S02 | B41: #3 | C41: 管理網域 | D41: 完成驗證 | E41: S02-05 | F41: UI 可登入、版本正確 | G41: https://<installer-fqdn> | H41: 9.1.1 | J41: ENG | K41: 未開始
A42: S02 | B42: #3 | C42: 管理網域 | D42: 退版 / 截止點 | E42: S02-06 | F42: 刪除 Installer VM（不影響既有環境） | J42: ENG | K42: 未開始
A43: S03 | B43: #4 | C43: 管理網域 | D43: 步驟 | F43: S03｜Software Depot & Binaries｜Depot 與 Binaries（回答「Offline Depot???」）｜負責：ENG、NET
A44: S03 | B44: #4 | C44: 管理網域 | D44: 前置檢查 | E44: S03-01 | F44: 三種模式擇一：Online（activation code + proxy）／Offline Depot（自建 web server + VCF Download Tool）／Manual Transfer（下載後上傳 Installer） | H44: 已決策 | I44: TechDocs: Downloading Binaries to VCF Installer | J44: ARC | K44: 未開始
A45: S03 | B45: #4 | C45: 管理網域 | D45: 前置檢查 | E45: S03-02 | F45: 建議 Offline Depot：Installer 內下載的 binaries 不會轉給部署後的 Software Depot；VCFA 與 WLD 升級還要再用 | I45: TechDocs: Connect VCF Installer to Broadcom or an Offline Depot（not transferred） | J45: ARC | K45: 未開始
A46: S03 | B46: #4 | C46: 管理網域 | D46: 前置檢查 | E46: S03-03 | F46: 無 Internet 時，VCF Download Tool 是唯一支援的下載方式 → 準備可上網下載機 + activation code | I46: TechDocs: Manual Transfer | J46: ENG | K46: 未開始
A47: S03 | B47: #4 | C47: 管理網域 | D47: 前置檢查 | E47: S03-04 | F47: Depot server：HTTPS、憑證 SAN 含 FQDN + IP；Installer / SDDC Manager / VCF Ops 匯入 depot CA | G47: openssl s_client -connect <depot>:443 | H47: SAN 含 FQDN 與 IP | I47: CXS Lab 實測 | J47: ENG | K47: 未開始
A48: S03 | B48: #4 | C48: 管理網域 | D48: 執行 | E48: S03-05 | F48: 下載 converge INSTALL binaries：SDDC Manager、NSX、VCF Operations、Cloud proxy、License server、Fleet / SDDC lifecycle、Salt master / RaaS、Software depot、Telemetry、Identity broker、VCF services runtime、Migration service engine、VCF Automation | G48: vcf-download-tool binaries download … | H48: 下載完成 | I48: TechDocs: Downloading Binaries to VCF Installer | J48: ENG | K48: 未開始
A49: S03 | B49: #4 | C49: 管理網域 | D49: 執行 | E49: S03-06 | F49: 下載 vRA 升級用：VCF Automation 9.1.1 + Migration service engine 9.1.1 | G49: vcf-download-tool binaries download … | H49: 下載完成 | I49: TechDocs: Upgrading to VCF Automation 9.1 | J49: ENG | K49: 未開始
A50: S03 | B50: #4 | C50: 管理網域 | D50: 執行 | E50: S03-07 | F50: 下載 WLD 升級用：vCenter / ESX 9.1.1（--type UPGRADE、esx download）；若走方案 A，另需與 vCenter 版本對應的 NSX install bundle | G50: vcf-download-tool … | H50: 下載完成 | I50: TechDocs: Import an Existing vCenter；Upgrading Workload Domains | J50: ENG | K50: 未開始
A51: S03 | B51: #4 | C51: 管理網域 | D51: 執行 | E51: S03-08 | F51: WLD ESXi 升級要 ESX 9.1.1 vLCM depot zip（catalog 只列 ISO；depot zip 下載需把 token 放在 URL path） | G51: https://dl.broadcom.com/<TOKEN>/PROD/COMP/ESX_HOST/<檔名> | H51: depot zip 已入 depot | I51: CXS Lab 實測 | J51: ENG | K51: 未開始
A52: S03 | B52: #4 | C52: 管理網域 | D52: 執行 | E52: S03-09 | F52: 另行準備 vRO 9.1.1 升級 ISO（S15 使用） | H52: 已取得 | I52: TechDocs: Upgrade to VCF Operations Orchestrator 9.1 | J52: AUTO | K52: 未開始
A53: S03 | B53: #4 | C53: 管理網域 | D53: 執行 | E53: S03-10 | F53: Installer 連線 Offline Depot（CXS Lab：URL 用 FQDN 曾報 VMWARE_DEPOT_OFFLINE_INVALID_URL，改用 IP） | G53: Installer > Depot Settings | H53: Connected | I53: CXS Lab 實測 | J53: ENG | K53: 未開始
A54: S03 | B54: #4 | C54: 管理網域 | D54: 完成驗證 | E54: S03-11 | F54: Installer Binary Management 所需項目全部 Downloaded、無缺項；檔案 SHA256 / 大小核對 | G54: Installer > Binary Management | H54: 全部 Downloaded | J54: ENG | K54: 未開始
A55: S03 | B55: #4 | C55: 管理網域 | D55: 退版 / 截止點 | E55: S03-12 | F55: 無變更（不影響既有環境） | K55: 未開始
A56: S04 | B56: #5 | C56: 管理網域 | D56: 步驟 | F56: S04｜Converge Management Cluster to VCF 9.1.1｜Management Cluster Converge 成 VCF 9.1.1 管理網域｜G1 ⚠ PONR｜Lab：約 5–5.5 h（nested）｜負責：ARC、ENG、SYS、NET
A57: S04 | B57: #5 | C57: 管理網域 | D57: 前置檢查 | E57: S04-01 | F57: 支援組態全過：vLCM image、DRS Fully Automated、VDS ≥ 8.0、靜態 vmk、無 ELM / vCenter HA、≥ 3 台（vSAN） | H57: 全部符合 | I57: TechDocs: Supported and Not Supported Configurations to Converge to VCF | J57: SYS | K57: 未開始
A58: S04 | B58: #5 | C58: 管理網域 | D58: 前置檢查 | E58: S04-02 | F58: mgmt vCenter VM 必須跑在它自己管理的叢集內；該 vCenter 下所有叢集會一起 converge（無法略過） | H58: 符合 | I58: TechDocs: Supported and Not Supported Configurations；CXS Lab 實測 | J58: SYS | K58: 未開始
A59: S04 | B59: #5 | C59: 管理網域 | D59: 前置檢查 | E59: S04-03 | F59: mgmt vCenter / ESXi build 與 VCF 9.1.1 BOM 一致（vCenter 25712839、ESX 25714478）；converge 會把 vLCM desired image 設為 BOM 版本 | G59: VAMI；esxcli system version get | H59: 與 BOM 相同 | I59: VCF 9.1.1 BOM；CXS Lab 實測 | J59: SYS | K59: 未開始
A60: S04 | B60: #5 | C60: 管理網域 | D60: 前置檢查 | E60: S04-04 | F60: vCenter 無殘留 com.vmware.sddcManager / com.vmware.vcf.client extension，無同名 SDDC Manager VM | G60: govc extension.info | grep -iE 'sddcmanager|vcf.client' | H60: 無輸出 | I60: CXS Lab 實測 | J60: ENG | K60: 未開始
A61: S04 | B61: #5 | C61: 管理網域 | D61: 前置檢查 | E61: S04-05 | F61: vLCM remediation policy evacuate_offline_vms = true（CXS Lab 驗證會擋） | G61: PUT /api/esx/settings/clusters/{id}/policies/apply | H61: true | I61: CXS Lab 實測 | J61: ENG | K61: 未開始
A62: S04 | B62: #5 | C62: 管理網域 | D62: 前置檢查 | E62: S04-06 | F62: NSX overlay 設計：不給 TEP，或 overlay over management（mgmt VLAN 端到端 MTU ≥ 1600）；不含 NSX Edge cluster | H62: 已決策 | I62: TechDocs: Supported and Not Supported Configurations；CXS Lab 實測 | J62: ARC | K62: 未開始
A63: S04 | B63: #5 | C63: 管理網域 | D63: 前置檢查 | E63: S04-07 | F63: VCF Operations：9.1.1 起必須在第一個 Instance 的管理網域；決定新部署或沿用既有 9.1 實例 | H63: 已決策 | I63: TechDocs: Deploy Components by Using VCF Installer… | J63: ARC | K63: 未開始
A64: S04 | B64: #5 | C64: 管理網域 | D64: 前置檢查 | E64: S04-08 | F64: VCF Automation 選『稍後部署』（vRA 走 S05 import）；mgmt vCenter file-based backup | I64: CXS Lab 實測 | J64: ENG | K64: 未開始
A65: S04 | B65: #5 | C65: 管理網域 | D65: 執行 | E65: S04-09 | F65: Installer > Deployment Wizard > VMware Cloud Foundation > Plan Step 1『Existing Component』勾既有 vCenter（跳過 Plan 會變 greenfield） | G65: Installer UI | I65: CXS Lab 實測 | J65: ENG | K65: 未開始
A66: S04 | B66: #5 | C66: 管理網域 | D66: 執行 | E66: S04-10 | F66: Prepare（VCF Mgmt Services IP pool 等）→ Validate（Warning 逐條確認）→ Deploy；下載 JSON spec 存檔 | G66: Installer UI > Review > Download JSON spec | H66: Validation 無 Error | J66: ENG | K66: 未開始
A67: S04 | B67: #5 | C67: 管理網域 | D67: 執行 | E67: S04-11 | F67: 監看里程碑：Convert vCenter → NSX → VCF Management Platform → VCF Operations → Management Services | G67: Installer UI / GET /v1/sddcs/{id} | I67: CXS Lab 實測 | J67: ENG | K67: 未開始
A68: S04 | B68: #5 | C68: 管理網域 | D68: 完成驗證 | E68: S04-12 | F68: 全部 subtask COMPLETED_WITH_SUCCESS；SDDC Manager 管理網域 ACTIVE | G68: SDDC Manager UI / GET /v1/domains | H68: ACTIVE | J68: ENG | K68: 未開始
A69: S04 | B69: #5 | C69: 管理網域 | D69: 完成驗證 | E69: S04-13 | F69: NSX：hosts Prepared / Up；VCF Operations > Lifecycle 看得到 Instance 與各元件 | G69: NSX UI > Fabric > Hosts；VCF Ops > Build > Lifecycle | H69: 全部正常 | J69: ENG | K69: 未開始
A70: S04 | B70: #5 | C70: 管理網域 | D70: 完成驗證 | E70: S04-14 | F70: 授權（License Server / VCF Ops）完成；SDDC Manager / NSX SFTP 備份設定並完成第一次備份 | H70: 授權有效、備份成功 | J70: SYS | K70: 未開始
A71: S04 | B71: #5 | C71: 管理網域 | D71: 退版 / 截止點 | E71: S04-15 | F71: 完成前失敗：刪除已部署元件 VM 與 Installer，修正後依 JSON 重做 | I71: KB 448258 | J71: ENG | K71: 未開始
A72: S04 | B72: #5 | C72: 管理網域 | D72: 退版 / 截止點 | E72: S04-16 | F72: 成功後無官方反向程序 → G1 PONR，需客戶簽核後才進下一步 | J72: PM | K72: 未開始
A73: S05 | B73: #6 | C73: 管理網域 | D73: 步驟 | F73: S05｜Import vRA into VCF Operations｜vRA 匯入 VCF Operations（Fleet Lifecycle）｜Lab 9.1.1：約 5 分｜負責：ENG、AUTO
A74: S05 | B74: #6 | C74: 管理網域 | D74: 前置檢查 | E74: S05-01 | F74: vRA 主節點已位於此 VCF Instance 的管理網域（S01 完成），否則升級 precheck 會在 import_vcfa 失敗 | H74: 符合 | I74: TechDocs: Import an Existing VMware Aria Automation Instance；KB 425169 | J74: ENG | K74: 未開始
A75: S05 | B75: #6 | C75: 管理網域 | D75: 前置檢查 | E75: S05-02 | F75: vRA ≥ 8.18.1、服務健康；root 密碼由保管工具提供 | G75: vracli status | H75: 健康 | J75: AUTO | K75: 未開始
A76: S05 | B76: #6 | C76: 管理網域 | D76: 前置檢查 | E76: S05-03 | F76: 每個 fleet 只支援一個 VCF Automation 實例 → 確認 fleet 內尚無 VCFA | G76: VCF Ops > Lifecycle > Components | H76: 無 VCFA | I76: TechDocs: Import an Existing VMware Aria Automation Instance | J76: ENG | K76: 未開始
A77: S05 | B77: #6 | C77: 管理網域 | D77: 執行 | E77: S05-04 | F77: Add Component > VCF Automation > Import 8.x appliance → VCF Instance、Primary node FQDN、root 密碼 → Trust 憑證 → Finish | G77: VCF Ops > Build > Lifecycle > VCF Management > Components | H77: Task 建立 | I77: TechDocs: Import an Existing VMware Aria Automation Instance | J77: ENG | K77: 未開始
A78: S05 | B78: #6 | C78: 管理網域 | D78: 執行 | E78: S05-05 | F78: 完成後按 Sync | G78: VCF Ops > Lifecycle > Sync | I78: CXS Lab 實測 | J78: ENG | K78: 未開始
A79: S05 | B79: #6 | C79: 管理網域 | D79: 完成驗證 | E79: S05-06 | F79: Task『Install components: VCF Automation』Completed；Components 出現 VCF Automation 8.18.x | G79: VCF Ops > Lifecycle > Tasks / Components | H79: Completed | I79: CXS Lab 實測 | J79: ENG | K79: 未開始
A80: S05 | B80: #6 | C80: 管理網域 | D80: 完成驗證 | E80: S05-07 | F80: 來源 vRA 不受影響（服務、藍圖、部署正常，無快照） | H80: 正常 | I80: CXS Lab 實測 | J80: AUTO | K80: 未開始
A81: S05 | B81: #6 | C81: 管理網域 | D81: 退版 / 截止點 | E81: S05-08 | F81: Import 只是註冊、來源不變；需撤除時依 KB 441333 cleanup（CXS Lab 9.1.1 實測移除後可再匯入） | I81: KB 441333；CXS Lab 實測 | J81: ENG | K81: 未開始
A82: S06 | B82: #7 | C82: 管理網域 | D82: 步驟 | F82: S06｜Upgrade vRA 8.18 to VCF Automation 9.1.1｜vRA 8.18 → VCF Automation 9.1.1（藍綠升級）｜G2 Gate｜Lab 9.1.1（10/7）：precheck 36 分、升級 4 h 47 m、vRA 中斷約 44 分｜負責：ENG、AUTO、ARC
A83: S06 | B83: #7 | C83: 管理網域 | D83: 前置檢查 | E83: S06-01 | F83: Depot 已有 VCFA 9.1.1 + Migration service engine 9.1.1；Sync 後 Upgrade 頁出現 VCFA 列 | G83: VCF Ops > Lifecycle > Upgrade | H83: 出現 VCFA 列 | I83: TechDocs: Upgrading to VCF Automation 9.1；CXS Lab 實測 | J83: ENG | K83: 未開始
A84: S06 | B84: #7 | C84: 管理網域 | D84: 前置檢查 | E84: S06-02 | F84: Fleet 元件 / VCF services runtime 已是 9.1.1（VCFA 9.1.1 需 runtime 9.1.1，precheck 會驗） | G84: VCF Ops > Lifecycle > Components | H84: 9.1.1 | I84: CXS Lab 實測 | J84: ENG | K84: 未開始
A85: S06 | B85: #7 | C85: 管理網域 | D85: 前置檢查 | E85: S06-03 | F85: IP：5 個 IP（可不連續或 /29）與 vRA 同網段 + 1 個 runtime FQDN（IP 在 pool 外）；原 vRA IP 自動轉 VIP、FQDN 沿用 | H85: DNS 就緒、IP 未使用 | I85: TechDocs: Upgrading to VCF Automation 9.1 | J85: NET | K85: 未開始
A86: S06 | B86: #7 | C86: 管理網域 | D86: 前置檢查 | E86: S06-04 | F86: 端點憑證：cloud account 的 vCenter / NSX 憑證須已存入 DB（UI 驗證並 Accept 過者會持久化，CXS Lab 10/7 precheck 一次過）；若 precheck 報 endpoint certificates → 先 snapshot 再跑 KB 425489 腳本。另查 KB 389563 不支援 endpoints、KB 447667 FIPS、KB 450345 | G86: Precheck details；vRA 主節點 SSH | H86: precheck Passed | I86: KB 425489；KB 389563；KB 447667；KB 450345；CXS Lab 實測 | J86: ENG | K86: 未開始
A87: S06 | B87: #7 | C87: 管理網域 | D87: 前置檢查 | E87: S06-05 | F87: 排定 vRA 服務中斷窗口：來源關機 → 新 gateway 接管（CXS Lab 10/7 約 44 分） | H87: 窗口核准 | I87: CXS Lab 實測 | J87: PM | K87: 未開始
A88: S06 | B88: #7 | C88: 管理網域 | D88: 前置檢查 | E88: S06-06 | F88: 資源：藍綠期間新舊並存約 2 倍；新 runtime 節點 24 vCPU / 96 GB（Lab Simple） | H88: 容量足夠 | I88: CXS Lab 實測 | J88: ARC | K88: 未開始
A89: S06 | B89: #7 | C89: 管理網域 | D89: 前置檢查 | E89: S06-07 | F89: 9.1.1 起 public cloud endpoints 已 deprecated、升級後預設關閉 → 確認未使用 | G89: Cloud Assembly > Cloud Accounts | H89: 已確認 | I89: VCFA 升級精靈 / VCF Automation 9.1.1 Release Notes | J89: AUTO | K89: 未開始
A90: S06 | B90: #7 | C90: 管理網域 | D90: 前置檢查 | E90: S06-08 | F90: 保留 vIDM（仍是 VCFA 9.1 驗證來源）與 Aria Suite Lifecycle 8.x（vIDM Day-N） | I90: TechDocs: Upgrading to VCF Automation 9.1 | J90: AUTO | K90: 未開始
A91: S06 | B91: #7 | C91: 管理網域 | D91: 前置檢查 | E91: S06-09 | F91: 升級精靈密碼欄位：清掉自動產生值，改用保管工具內的標準密碼（自動產生值部署後看不到） | I91: CXS Lab 實測 | J91: ENG | K91: 未開始
A92: S06 | B92: #7 | C92: 管理網域 | D92: 執行 | E92: S06-10 | F92: Sync 後重新整理頁面，Upgrade 頁才會出現 VCFA 列（8.18.1 → 9.1.1） | G92: VCF Ops > Lifecycle > Upgrade | H92: Pending configuration | I92: CXS Lab 實測 | J92: ENG | K92: 未開始
A93: S06 | B93: #7 | C93: 管理網域 | D93: 執行 | E93: S06-11 | F93: VCFA 列 > Configure（IP pool / FQDN / 密碼）→ Run Prechecks（全部 SUCCEEDED）→ Upgrade（無確認框，按下即開始） | G93: VCF Ops > Lifecycle > Upgrade | H93: Precheck 全過 | I93: TechDocs: Perform the Upgrade to VCF Automation 9.1 | J93: ENG | K93: 未開始
A94: S06 | B94: #7 | C94: 管理網域 | D94: 執行 | E94: S06-12 | F94: 監看階段：部署新 runtime（約 2 h）→ import → prechecks → upgrade；完成後來源節點自動關機 | G94: VCF Ops > Lifecycle > Tasks | I94: CXS Lab 實測 | J94: ENG | K94: 未開始
A95: S06 | B95: #7 | C95: 管理網域 | D95: 完成驗證 | E95: S06-13 | F95: Tenant /automation/（vIDM）與 Provider /provider 可登入；版本 9.1.1 | G95: https://<vra-fqdn>/automation/ ; /provider | H95: 9.1.1 | J95: AUTO | K95: 未開始
A96: S06 | B96: #7 | C96: 管理網域 | D96: 完成驗證 | E96: S06-14 | F96: Projects / Cloud Accounts / Blueprints / Deployments 完整；既有部署 Day-2 與新 catalog 請求成功 | H96: 全部成功 | J96: AUTO | K96: 未開始
A97: S06 | B97: #7 | C97: 管理網域 | D97: 完成驗證 | E97: S06-15 | F97: 若 Fleet 顯示 Upgrade failed：先驗四項證據（vcfa-bundle Successful、pods Running、來源 VM 已關機、FQDN 回 9.1.1）再決定是否退版，並開 SR（9.1.0.0400 時 Lab 曾發生；9.1.1 Lab 未發生） | G97: kubectl get pd -n prelude；kubectl get pods -A | I97: CXS Lab 實測 | J97: ENG | K97: 未開始
A98: S06 | B98: #7 | C98: 管理網域 | D98: 退版 / 截止點 | E98: S06-16 | F98: Cutover 前：取消，來源 8.18 節點保持原狀 | J98: ENG | K98: 未開始
A99: S06 | B99: #7 | C99: 管理網域 | D99: 退版 / 截止點 | E99: S06-17 | F99: 升級流程會先自動對來源 vRA 建 snapshot（automated_vcf_backup_*）再關機 → 這就是退版點，勿刪 | G99: vCenter > vRA VM > Snapshots | H99: snapshot 存在 | I99: CXS Lab 實測 | J99: ENG | K99: 未開始
A100: S06 | B100: #7 | C100: 管理網域 | D100: 退版 / 截止點 | E100: S06-18 | F100: Cutover 後：關閉新 runtime、revert 來源 vRA 的自動 snapshot 後開機；升級失敗的清理官方不支援 → 開 SR | I100: KB 441333 | J100: ENG | K100: 未開始
...

Sheet 原計畫對照
A1: 原暫定計畫 13 步 → 建議步驟對照
A2: 判定：照做 / 調整 / 移到最後 / 建議架 / 拆兩段
A3: 原 # | B3: 原步驟 | C3: 判定 | D3: 說明 | E3: 依據 | F3: 建議步驟
A4: 1 | B4: vMotion vRO、vRA to Management Cluster | C4: 調整 | D4: 改為冷遷移；目標 port group 與 vRA 同一 L2 網段（IP / FQDN 不變） | E4: KB 318582；Import Aria Automation 前置 | F4: S01
A5: 2 | B5: Upgrade vRO to 9.1.1 | C5: 移到最後 | D5: external vRO 必須在 vRA → VCFA 之後升；vRO 9.1.1 不支援 vRA 8.18 與 vCenter 8.0U3 | E5: Configure VCF Ops Orchestrator…；Interop Matrix | F5: S15
A6: 3 | B6: Deploy VCF Installer 9.1.1 | C6: 照做 | D6: 全新 Installer、版本 ≥ 9.1.1 | E6: Converge 部署頁 | F6: S02
A7: 4 | B7: Offline Depot??? | C7: 建議架 | D7: 非必要（可 Manual Transfer），但 Installer 內 binaries 不會轉移，後續 VCFA / WLD 升級還要用 | E7: Downloading Binaries to VCF Installer | F7: S03
A8: 5 | B8: Converge Management Cluster to VCF 9.1.1 | C8: 照做 | D8: 先過支援組態檢查；成功後不可逆（PONR） | E8: Supported / Not Supported Configurations | F8: S04
A9: 6 | B9: Import vRA to VCF | C9: 照做 | D9: 前提：vRA 已在管理網域（Step 1） | E9: Import Aria Automation in VCF Ops | F9: S05
A10: 7 | B10: Upgrade vRA to 9.1.1 | C10: 照做 | D10: KB 425489 腳本；5 IP + runtime FQDN 同網段 | E10: Upgrading to VCF Automation 9.1 | F10: S06
A11: 8 | B11: Import 整合雲 | C11: 調整 | D11: import 8.0.3 會自建 3-node NSX 4.2；建議先升 vCenter 再 import、共用管理網域 NSX | E11: Import an Existing vCenter | F11: S09
A12: 9 | B12: Import 中信雲 | C12: 調整 | D12: 同上 | E12: Import an Existing vCenter | F12: S13
A13: 10 | B13: Upgrade 整合雲 to 9.1.1 | C13: 拆兩段 | D13: vCenter 在 import 前以 RDU 升；ESXi 在 import 後走 VCF LCM | E13: Import 頁；WLD 升級頁 | F13: S07 + S10
A14: 11 | B14: SRM 重新註冊（整合雲） | C14: 照做 | D14: 兩站 VAMI Reconfigure + Site Pair Reconnect | E14: KB 446701 | F14: S08
... A16: 13 | B16: SRM 重新註冊（中信雲） | C16: 照做 | D16: 同 11；每次 vCenter 升級後兩站都要做 | E16: KB 446701 | F16: S12

Sheet Gate 簽核
A1: Gate 與 Point of No Return 簽核
A2: PONR = 越過後無官方反向程序；需觀察期與客戶簽核
A3: Gate | B3: 時點 | C3: 內容 | D3: 放行條件 | E3: 簽核角色 | F3: PONR | G3: 結果（Go / No-Go） | H3: 簽核人 | I3: 日期 | J3: 備註
A4: G0 | B4: S00 後 | C4: 盤點與備份 | D4: 阻礙項清零、三套 vCenter 備份可還原、IP/DNS 驗證完成 | E4: PM、ARC | F4: 否
A5: G1 | B5: S04 後 | C5: Converge 完成 | D5: 管理網域 ACTIVE、NSX / VCF Ops 正常、第一次 SFTP 備份成功 | E5: PM、ARC | F5: 是
A6: G2 | B6: S06 後 | C6: VCFA 9.1.1 cutover | D6: Tenant / Provider 登入、資料完整、Day-2 成功；8.18 來源保留至觀察期後 | E6: PM、AUTO | F6: 否
A7: G3 | B7: S09 | C7: 整合雲 import | D7: vCenter 9.1.1 正常、SRM Test Recovery 成功、Compute Manager 已註冊 | E7: PM、ARC、DR | F7: 是
A8: G4 | B8: S13 | C8: 中信雲 import | D8: 同 G3 | E8: PM、ARC、DR | F8: 是
A9: G5 | B9: S16 | C9: vSAN on-disk format | D9: 觀察期無重大事件、客戶簽核 | E9: PM | F9: 是

Sheet IP & DNS 規劃
A1: 新增元件 IP / DNS 規劃
A2: 黃底欄位填實際值；FQDN 全小寫、A / PTR 都要建（KB 453612、KB 440630）
A3: 元件 | B3: IP 數量 | C3: FQDN 需求 | D3: 網段 | E3: 備註 | F3: 實際 FQDN | G3: 實際 IP / 範圍 | H3: VLAN | I3: A / PTR 驗證 | J3: 負責
A4: VCF Installer | B4: 1 | C4: 1 | D4: Mgmt | E4: 可放在 Management Cluster | J4: NET
A5: SDDC Manager | B5: 1 | C5: 1 | D5: Mgmt | J5: NET
A6: NSX Manager（管理網域） | B6: VIP 1 + 節點 1 或 3 | C6: VIP + 每節點 | D6: Mgmt | E6: 無 NSX Edge cluster；NSX 憑證 SAN 含所有節點 FQDN 與 VIP | J6: NET
A7: VCF Operations | B7: 1（Simple）或 3（HA） | C7: 每節點 | D7: Mgmt | E7: 9.1.1 起須在第一個 Instance 的管理網域 | J7: NET
A8: VCF Operations Cloud Proxy | B8: 1 | C8: 1 | D8: Mgmt | J8: NET
A9: License Server | B9: 1 | C9: 1（A + PTR 必要） | D9: Mgmt | E9: KB 440630 | J9: NET
A10: VCF Identity Broker | B10: 1 | C10: 1 | D10: Mgmt | J10: NET
A11: VCF Management Services（services runtime） | B11: IP pool ≥ 12（最多 30） | C11: Fleet / Instance FQDN | D11: Mgmt | E11: 內部網段 198.18.0.0/15 不可與內網重疊（KB 440630） | J11: NET
A12: VCF Automation 9.1.1（升級用） | B12: 5（可不連續或 /29） | C12: runtime FQDN 1（IP 在 pool 外） | D12: vRA 現行網段 | E12: 原 vRA IP 自動轉 VIP、FQDN 沿用 | J12: NET
A13: RDU 暫時 IP — 整合雲 vCenter | B13: 1 | C13: —（不可有既存 PTR） | D13: 整合雲 Mgmt | E13: Switchover 後釋放 | J13: NET
A14: RDU 暫時 IP — 中信雲 vCenter | B14: 1 | C14: —（不可有既存 PTR） | D14: 中信雲 Mgmt | E14: Switchover 後釋放 | J14: NET
A15: Offline Depot Server | B15: 1 | C15: 1 | D15: Mgmt | E15: HTTPS；憑證 SAN 含 FQDN + IP | J15: NET

Sheet 待確認事項
A1: 待確認事項（G0 前關閉）
A3: # | B3: 項目 | C3: 為什麼重要 | D3: 確認方式 | E3: 負責 | F3: 狀態 | G3: 結論 | H3: 日期
A4: 1 | B4: Enhanced Linked Mode | C4: converge 與 import 都不支援 ELM | D4: 客戶確認 | E4: SYS | F4: 已確認 | G4: 三套 vCenter 皆無 ELM | H4: 2026-10-07
A5: 2 | B5: vRA 確切版本 / patch | C5: converge 情境頁要求 8.18.1 P3；import 頁為 8.18.1+ | D5: vracli version | E5: AUTO | F5: 待確認
A6: 3 | B6: vRO 實際版本 | C6: 「8.18.7」查無此 Orchestrator 版號；升級來源需 ≥ 8.18.1 | D6: vracli version | E6: AUTO | F6: 待確認
A7: 4 | B7: vIDM / Aria Suite Lifecycle 位置與版本 | C7: vIDM 升級後仍是 VCFA 驗證來源；是否隨 vRA 一起搬 | D7: vSphere inventory | E7: AUTO | F7: 待確認
A8: 5 | B8: vCenter HA | C8: converge 與 import 都不支援 VCHA（ELM 已於 10/7 確認沒有） | D8: vSphere Client | E8: SYS | F8: 待確認
A9: 6 | B9: 兩朵雲 8.0.3 確切 build | C9: 8.0U3j → 9.1.0 不支援、→ 9.1.1 支援；8.0U3k 需查 Interop（KB 450972 back-in-time） | D9: VAMI / esxcli | E9: SYS | F9: 待確認
A10: 7 | B10: SRM 配對拓樸 | C10: 兩朵雲是否互為配對、PG 方向、replication 方式 → 決定先升哪一站 | D10: SRM UI | E10: DR | F10: 待確認
A11: 8 | B11: WLD import 方案 A / B | C11: A：import 8.0.3（自建 3-node NSX 4.2）／B：先升 vCenter 再 import 共用 NSX（建議） | D11: 設計會議 | E11: ARC、PM | F11: 待確認
A12: 9 | B12: Management Cluster 網段與容量 | C12: 需提供 vRA 同 L2 網段；VCFA 藍綠期間資源約 2 倍 | D12: 網路 / 容量盤點 | E12: NET、ARC | F12: 待確認
A13: 10 | B13: VCF Operations 新部署或沿用 | C13: 9.1.1 起須在第一個 Instance 管理網域；是否已有 Aria Operations 8.18 | D13: 盤點 | E13: ARC | F13: 待確認
A14: 11 | B14: 過渡期 interop | C14: Interop 對 Aria Automation 8.18 ↔ vCenter / ESX 9.x 標 Not Supported（推定指 endpoint）；過渡期盡量縮短、必要時開 SR 確認 | D14: Interop Matrix / SR | E14: ARC | F14: 待確認
A15: 12 | B15: vLCM image 叢集 Shift+R 退版 | C15: KB 316592 未說明對 vLCM image 一致性的影響 | D15: Lab 驗證 + SR | E15: ENG | F15: 待確認

Sheet 官方文件
A1: 官方依據：Broadcom TechDocs 與 KB
A3: 類別 | B3: 文件 | C3: URL
A4: Converge | B4: Supported and Not Supported Configurations to Converge to VCF | C4: https://techdocs.broadcom.com/us/en/vmware-cis/vcf/vcf-9-0-and-later/9-1/deployment/converging-your-existing-vsphere-infrastructure-to-a-vcf-or-vvf-platform-/supported-and-not-supported-configurations.html
A5: Converge | B5: Deploy Components by Using VCF Installer to Complete the Converging to VCF Process | C5: https://techdocs.broadcom.com/us/en/vmware-cis/vcf/vcf-9-0-and-later/9-1/deployment/converging-your-existing-vsphere-infrastructure-to-a-vcf-or-vvf-platform-/use-existing-vsphere-infrastructure-to-create-a-new-vcf-fleet-or-a-new-vcf-instance-using-the-deployment-wizard.html
A6: Converge | B6: Converge vCenter, ESX Hosts, Aria Suite Lifecycle and Aria Automation | C6: https://techdocs.broadcom.com/us/en/vmware-cis/vcf/vcf-9-0-and-later/9-1/deployment/converging-your-existing-vsphere-infrastructure-to-a-vcf-or-vvf-platform-/supported-scenarios-to-converge-to-vcf/converge-your-existing-vcenter-instance-esx-hosts-vrealize-suite-lifecycle-manager-and-vmware-aria-automation.html
A7: Depot | B7: Downloading Binaries to VCF Installer | C7: https://techdocs.broadcom.com/us/en/vmware-cis/vcf/vcf-9-0-and-later/9-1/deployment/deploying-a-new-vmware-cloud-foundation-or-vmware-vsphere-foundation-private-cloud-/preparing-your-environment/downloading-binaries-to-the-vcf-installer-appliance.html
A8: Depot | B8: Connect VCF Installer to Broadcom or an Offline Depot | C8: https://techdocs.broadcom.com/us/en/vmware-cis/vcf/vcf-9-0-and-later/9-1/deployment/deploying-a-new-vmware-cloud-foundation-or-vmware-vsphere-foundation-private-cloud-/preparing-your-environment/downloading-binaries-to-the-vcf-installer-appliance/connect-to-an-online-depot-to-download-binaries.html
A9: Depot | B9: Connect SDDC Manager to a Software Depot | C9: https://techdocs.broadcom.com/us/en/vmware-cis/vcf/vcf-9-0-and-later/9-1/lifecycle-management/binary-management-for-vmware-cloud-foundation/connect-sddc-manager-to-a-software-depot-for-downloading-bundles.html
A10: Automation | B10: Import an Existing VMware Aria Automation Instance in VCF Operations | C10: https://techdocs.broadcom.com/us/en/vmware-cis/vcf/vcf-9-0-and-later/9-1/deployment/upgrading-cloud-foundation/phase-3-import-and-upgrade-aria-automation-8-to-vcf-automation-9/import-an-existing-vmware-aria-automation-instance-in-vcf-operations.html
A11: Automation | B11: Upgrading to VCF Automation 9.1 | C11: https://techdocs.broadcom.com/us/en/vmware-cis/vcf/vcf-9-0-and-later/9-1/deployment/upgrading-cloud-foundation/phase-3-import-and-upgrade-aria-automation-8-to-vcf-automation-9.html
A12: Automation | B12: Perform the Upgrade to VCF Automation 9.1 | C12: https://techdocs.broadcom.com/us/en/vmware-cis/vcf/vcf-9-0-and-later/9-1/deployment/upgrading-cloud-foundation/phase-3-import-and-upgrade-aria-automation-8-to-vcf-automation-9/upgrade-to-vcf-automation.html
A13: Automation | B13: Migrate VCF Automation SSO from vIDM to VCF Identity Broker | C13: https://techdocs.broadcom.com/us/en/vmware-cis/vcf/vcf-9-0-and-later/9-1/deployment/upgrading-cloud-foundation/phase-3-import-and-upgrade-aria-automation-8-to-vcf-automation-9/migrate-vcf-automation-single-sign-on-configuration-from-vmware-identity-manager-to-vcf-identity-broker.html
A14: Orchestrator | B14: Upgrade to VCF Operations Orchestrator 9.1 | C14: https://techdocs.broadcom.com/us/en/vmware-cis/vcf/vcf-9-0-and-later/9-1/deployment/upgrading-cloud-foundation/upgrade-a-standalone-or-clustered-vrealize-orchestrator-8-0-1-deployment-with-iso-image.html
... A46: KB 316592 | B46: ESXi Shift+R 回復前一版（altbootbank） | C46: https://knowledge.broadcom.com/external/article/316592

Sheet Lab 驗證覆蓋
A1: CXS Lab 驗證覆蓋（github.com/kostenyang）
A2: 未驗證的步驟正式變更前須於 Lab 補測
A3: 步驟 | B3: 內容 | C3: 狀態 | D3: 實測日期 | E3: 結果 | F3: 差異 / 缺口 | G3: Git 出處
A4: S01 | B4: vRA 冷遷移進管理網域 | C4: 已驗證 | D4: 2026-09-09（m02） | E4: 熱遷移因 CPU feature 失敗 → 冷遷移 165 GB 約 97 分；搬入後 import precheck 通過 | F4: Lab 是管理網域已建好後才搬；先搬再 Converge 未驗證 | G4: vra-lifecycle worklog Phase ④
A5: S02 / S03 | B5: VCF Installer、Offline Depot | C5: 已驗證 | D5: 多次（9 月） | E5: v5 depot 腳本、CA 匯入、客戶交付包；depot URL 用 IP | F5: — | G5: vcf9offlinescript、vcf-download-tool
A6: S04 | B6: Converge vCenter 9.1.1 + ESXi 9.1.1 | C6: 已驗證 | D6: 2026-09-19 / 09-30 / 10-05 | E6: 多 cluster、無 overlay、overlay over mgmt、沿用既有 VCF Ops 皆 COMPLETED_WITH_SUCCESS；約 5–5.5 h | F6: Lab 是 nested 4 台；CTBC 為 6 台實體 | G6: v8tov9 converge/、converge-existing-ops/
A7: S05 | B7: Import vRA 8.18.1 | C7: 已驗證 | D7: 2026-09-06 / 10-07（m03） | E7: import 約 5 分，來源不受影響 | F7: — | G7: vra-lifecycle（branch vra8-import-upgrade-m03）
A8: S06 | B8: vRA → VCF Automation 9.1.1 | C8: 已驗證 | D8: 2026-10-07（m03） | E8: precheck 一次過 36 分、升級 4 h 47 m 一次成功、中斷約 44 分、資料 ID 全相同；來源自動 snapshot | F8: 9/9 m02（fleet 9.1.0.0400）曾 7 h 55 m + 假失敗 | G8: vra-lifecycle（branch vra8-import-upgrade-m03）
A9: S07 / S11 | B9: vCenter 8.0.3 → 9.1.1 | C9: 已驗證 | D9: 2026-08-19 / 09-21 / 10-02 | E9: RDU 33 分；CLI migration 50 分；RDU 遇 NSX < 9.1 註冊會卡 switchover | F9: Lab 無 SRM extension | G9: v8tov9 vc-8.0.3-to-9.1.1-firstboot-failure、customer-vvf-no-sddcm.md、import-wld/cli
A10: S08 / S12 | B10: SRM Reconfigure + Reconnect | C10: 未驗證 | D10: — | E10: — | F10: Git 無 SRM 實測 → 依 KB 446701；建議 Lab 補測 | G10: —
A11: S09 / S13 | B11: Import WLD 共用管理網域 NSX | C11: 已驗證 | D11: 2026-10-03 | E11: vCenter 9.1.1 + ESXi 8.0.3 匯入 57/57、約 15 分；precheck 3 個 Error 已有修法 | F11: — | G11: v8tov9 import-wld/
A12: S10 / S14 | B12: 匯入後 ESXi 8.0.3 → 9.1.1（VCF LCM） | C12: 未驗證 | D12: — | E12: 相關：vLCM 升獨立主機（9/29）、ESX depot zip 取得法 | F12: Lab 匯入後主機維持 8.0.3，未在 VCF 內升級 → 建議 Lab 補測 | G12: v8tov9 esxi-standalone-upgrade/
A13: S15 | B13: vRO → 9.1.1 | C13: 未驗證 | D13: — | E13: — | F13: Git 無 vRO standalone 升級實測 → 依 TechDocs；建議 Lab 補測 | G13: —
A14: 方案 A | B14: Import 8.0.3 並自建 NSX 4.2 | C14: 未驗證 | D14: — | E14: — | F14: Lab 未測 → 也是建議方案 B 的理由之一 | G14: —

Sheet Git 參考文件
A1: Git 參考文件（github.com/kostenyang）— 內部參考
A2: CXS Lab 實測紀錄，非官方文件；private repo 內含 lab 資訊，交付客戶前可刪除本頁
A3: 對應步驟 | B3: Repo | C3: 路徑 | D3: 可參考的內容
A4: S01 | B4: vra-lifecycle（private） | C4: runbooks/vcf911-vra8-import-upgrade-worklog.md › Phase ④ | D4: vRA appliance 跨 vCenter 搬進管理網域：熱遷移因 CPU feature 失敗、165 GB 冷遷移約 97 分；/vco/api/healthstatus 作為就緒判斷
A5: S01 | B5: vra-lifecycle（private） | C5: runbooks/scripts/vcf911-vra8-upgrade/coldmove-vra9.ps1、xvmotion-vra9.ps1 | D5: PowerCLI 冷 / 熱遷移腳本（PowerCLI 模組需釘同一版 13.5）
A6: S01 | B6: vra-lifecycle（private） | C6: runbooks/vra8-cross-vcenter-migration-day2-power.md | D6: vRA 管的 workload VM 跨 vCenter 搬遷後 Day-2 可用；_ovfenv ISO 擋熱 vMotion → 冷搬（對象是 workload VM，不是 appliance）
A7: S02 / S04 | B7: vcf9.1-lab-private（private） | C7: installer-deploy/（Invoke-Vcf9InstallerDeploy_v1.ps1、spec/management-domain.template_v1.json） | D7: Installer 部署腳本與 spec 範本
A8: S03 | B8: vcf9offlinescript | C8: README.md、CUSTOMER-DEPLOY-GUIDE.md、create_vcf9_depot_server_v5.sh、import_vcf9depot_ca.sh | D8: Offline depot 一鍵建置（nginx / apache、HTTPS、basic auth）、CA 匯入 Installer / SDDC Manager / VCF Ops、客戶交付指南
A9: S03 | B9: vcf9offlinescript | C9: INSTALLER_CONNECT_TROUBLESHOOTING.md、DEPOT-WAY-A/B/C、DOWNLOAD-INTO-DEPOT.md | D9: Installer 連 depot 除錯；三種灌 binaries 的方式
A10: S03 | B10: vcf-download-tool | C10: README / CLI-REFERENCE / GOTCHAS / PROXY / WINDOWS | D10: VCF Download Tool 用法、proxy、Windows、activation code 判讀
A11: S03 | B11: vcf9.1-lab-private（private）/ vcf9offlinescript | C11: FLEET-DEPOT-CA-TRUST.md | D11: Fleet Depot Service 信任自簽 depot CA（KB 442978；private 版含腳本）
A12: S04 | B12: v8tov9 | C12: converge/README.md（範本 1–3） | D12: Converge 9.1.1 JSON 範本：不給 TEP / 沿用既有 NSX / 多 cluster；逐 cluster 驗證項；evacuate_offline_vms；vSS 是硬擋點
A13: S04 | B13: v8tov9 | C13: converge/no-overlay/（README + VCF911-Converge-NoOverlay.docx） | D13: 完全不部署 overlay 的 converge：23 頁手冊、5 個里程碑耗時、14 個踩坑速查
A14: S04 | B14: v8tov9 | C14: converge-existing-ops/README.md | D14: 沿用既有 VCF Ops / License Server；Plan › Existing Component；容量驗證只看叢集總量；depot URL 用 IP
... A30: 全程 | B30: lab-info | C30: runbooks/backup-sftp.md、runbooks/depot-server.md | D30: SFTP 備份、depot server 紀錄
